frame_id,num_gt,num_detections,num_matched_gt,num_unmatched_gt,num_tp_dets,num_fp_dets
2,2,6,2,0,2,4
4,2,7,2,0,2,5
6,2,6,1,1,1,5
8,2,7,2,0,2,5
10,2,8,2,0,2,6
12,2,9,2,0,2,7
14,2,9,2,0,2,7
16,2,9,2,0,2,7
18,2,8,1,1,1,7
20,2,8,1,1,1,7
22,2,8,1,1,1,7
24,2,9,2,0,2,7
26,2,8,1,1,1,7
28,2,8,2,0,2,6
30,2,7,1,1,1,6
32,2,8,1,1,1,7
34,2,6,1,1,1,5
36,2,6,1,1,1,5
38,2,6,1,1,1,5
40,2,6,1,1,1,5
42,2,7,2,0,2,5
44,2,9,2,0,2,7
46,2,8,2,0,2,6
48,2,9,2,0,2,7
50,2,10,2,0,2,8
52,2,11,2,0,2,9
54,2,10,1,1,1,9
56,2,8,1,1,1,7
58,2,8,1,1,1,7
60,2,8,1,1,1,7
62,2,8,1,1,1,7
64,2,9,1,1,1,8
66,2,7,1,1,1,6
68,2,8,1,1,1,7
70,2,8,1,1,1,7
72,2,9,2,0,2,7
74,2,10,2,0,2,8
76,2,13,2,0,2,11
78,2,12,2,0,2,10
80,2,12,2,0,2,10
82,2,9,2,0,2,7
84,2,10,2,0,2,8
86,2,7,2,0,2,5
88,2,9,2,0,2,7
90,2,8,1,1,1,7
92,2,8,2,0,2,6
94,2,8,2,0,2,6
96,2,11,2,0,2,9
98,2,9,2,0,2,7
100,2,10,2,0,2,8
102,2,11,2,0,2,9
104,2,11,2,0,2,9
106,2,7,2,0,2,5
108,2,11,2,0,2,9
110,2,12,2,0,2,10
112,2,11,2,0,2,9
114,2,10,2,0,2,8
116,2,14,2,0,2,12
118,2,10,2,0,2,8
120,2,12,2,0,2,10
122,2,10,2,0,2,8
124,2,11,2,0,2,9
126,2,12,2,0,2,10
128,2,11,2,0,2,9
130,2,12,2,0,2,10
132,2,11,2,0,2,9
134,2,13,2,0,2,11
136,2,11,2,0,2,9
138,2,13,2,0,2,11
140,2,14,2,0,2,12
142,2,14,2,0,2,12
144,2,13,2,0,2,11
146,2,12,2,0,2,10
148,2,15,1,1,1,14
150,2,13,2,0,2,11
152,2,13,1,1,1,12
154,2,15,2,0,2,13
156,2,13,1,1,1,12
158,2,12,2,0,2,10
160,2,11,2,0,2,9
162,2,10,2,0,2,8
164,2,11,2,0,2,9
166,2,11,2,0,2,9
168,2,8,2,0,2,6
170,2,11,2,0,2,9
172,2,10,2,0,2,8
174,2,12,2,0,2,10
176,2,13,2,0,2,11
178,2,12,2,0,2,10
180,2,13,2,0,2,11
182,2,12,2,0,2,10
184,2,13,2,0,2,11
186,2,9,2,0,2,7
188,2,8,2,0,2,6
190,2,8,2,0,2,6
192,2,9,2,0,2,7
194,2,10,2,0,2,8
196,2,12,2,0,2,10
198,2,10,2,0,2,8
200,2,12,1,1,1,11
202,2,12,1,1,1,11
204,2,11,1,1,1,10
206,2,13,1,1,1,12
208,2,9,1,1,1,8
210,2,9,1,1,1,8
212,2,7,2,0,2,5
214,2,9,2,0,2,7
216,2,10,2,0,2,8
218,2,11,2,0,2,9
220,2,9,2,0,2,7
222,2,9,1,1,1,8
224,2,9,1,1,1,8
226,2,9,1,1,1,8
228,2,9,1,1,1,8
230,2,8,1,1,1,7
232,2,8,1,1,1,7
234,2,8,1,1,1,7
236,2,9,1,1,1,8
238,2,9,1,1,1,8
240,2,9,1,1,1,8
242,2,9,1,1,1,8
244,2,8,2,0,2,6
246,2,8,2,0,2,6
248,2,9,1,1,1,8
250,2,8,2,0,2,6
252,2,7,2,0,2,5
254,2,7,2,0,2,5
256,2,8,2,0,2,6
258,2,7,2,0,2,5
260,2,6,2,0,2,4
262,2,8,2,0,2,6
264,2,10,2,0,2,8
266,2,10,2,0,2,8
268,2,14,1,1,1,13
270,2,11,2,0,2,9
272,2,11,2,0,2,9
274,2,9,2,0,2,7
276,2,12,2,0,2,10
278,2,12,0,2,0,12
280,2,14,2,0,2,12
282,2,14,1,1,1,13
284,2,12,2,0,2,10
286,2,16,0,2,0,16
288,2,17,1,1,1,16
290,2,13,1,1,1,12
292,2,19,1,1,1,18
294,2,15,1,1,1,14
296,2,14,1,1,1,13
298,2,14,0,2,0,14
300,2,16,1,1,1,15
302,2,22,1,1,1,21
304,2,17,0,2,0,17
306,2,20,0,2,0,20
308,2,18,1,1,1,17
310,2,19,1,1,1,18
312,2,18,1,1,1,17
314,2,16,1,1,1,15
316,2,17,1,1,1,16
318,2,19,1,1,1,18
320,2,13,1,1,1,12
322,2,15,0,2,0,15
324,2,17,0,2,0,17
326,2,17,0,2,0,17
328,2,16,0,2,0,16
330,2,16,0,2,0,16
332,1,14,0,1,0,14
334,1,15,0,1,0,15
336,1,13,0,1,0,13
338,1,15,0,1,0,15
340,1,17,0,1,0,17
342,1,15,0,1,0,15
344,1,14,0,1,0,14
346,1,18,0,1,0,18
348,1,17,0,1,0,17
350,1,16,0,1,0,16
352,1,14,0,1,0,14
354,1,12,0,1,0,12
356,1,14,0,1,0,14
358,1,15,0,1,0,15
360,1,14,0,1,0,14
362,1,11,0,1,0,11
364,1,12,0,1,0,12
366,1,10,0,1,0,10
368,1,10,0,1,0,10
370,1,10,0,1,0,10
372,1,10,0,1,0,10
374,1,9,0,1,0,9
376,1,9,0,1,0,9
378,1,8,0,1,0,8
380,1,8,0,1,0,8
382,1,6,0,1,0,6
384,1,11,0,1,0,11
386,1,10,0,1,0,10
388,1,11,0,1,0,11
390,1,16,0,1,0,16
392,1,13,0,1,0,13
394,1,15,0,1,0,15
396,1,13,0,1,0,13
398,1,16,0,1,0,16
400,1,17,0,1,0,17
402,1,13,0,1,0,13
404,1,13,0,1,0,13
406,1,13,0,1,0,13
408,0,14,0,0,0,14
410,0,16,0,0,0,16
412,0,12,0,0,0,12
414,0,19,0,0,0,19
416,0,18,0,0,0,18
418,0,19,0,0,0,19
420,0,12,0,0,0,12
422,0,16,0,0,0,16
424,0,14,0,0,0,14
426,0,11,0,0,0,11
428,0,16,0,0,0,16
430,0,12,0,0,0,12
432,0,16,0,0,0,16
434,0,15,0,0,0,15
436,0,12,0,0,0,12
438,0,13,0,0,0,13
440,0,12,0,0,0,12
442,0,12,0,0,0,12
444,0,10,0,0,0,10
446,0,10,0,0,0,10
448,0,10,0,0,0,10
450,0,10,0,0,0,10
452,0,9,0,0,0,9
454,0,8,0,0,0,8
456,0,6,0,0,0,6
458,0,5,0,0,0,5
460,0,5,0,0,0,5
462,0,4,0,0,0,4
464,0,3,0,0,0,3
466,0,3,0,0,0,3
468,0,4,0,0,0,4
470,0,3,0,0,0,3
472,0,5,0,0,0,5
474,0,6,0,0,0,6
476,0,7,0,0,0,7
478,0,9,0,0,0,9
480,0,7,0,0,0,7
482,0,11,0,0,0,11
484,0,8,0,0,0,8
486,0,13,0,0,0,13
488,0,14,0,0,0,14
490,0,14,0,0,0,14
492,0,17,0,0,0,17
494,0,16,0,0,0,16
496,0,17,0,0,0,17
498,0,14,0,0,0,14
500,0,17,0,0,0,17
502,0,19,0,0,0,19
504,0,9,0,0,0,9
506,0,17,0,0,0,17
508,0,13,0,0,0,13
510,0,15,0,0,0,15
512,0,11,0,0,0,11
514,0,9,0,0,0,9
516,0,7,0,0,0,7
518,0,7,0,0,0,7
520,0,3,0,0,0,3
522,0,4,0,0,0,4
524,0,3,0,0,0,3
526,0,3,0,0,0,3
528,0,6,0,0,0,6
530,0,4,0,0,0,4
532,0,6,0,0,0,6
534,0,5,0,0,0,5
536,0,4,0,0,0,4
538,0,6,0,0,0,6
540,0,6,0,0,0,6
542,0,4,0,0,0,4
544,0,3,0,0,0,3
546,0,6,0,0,0,6
548,0,3,0,0,0,3
550,0,3,0,0,0,3
552,0,2,0,0,0,2
554,0,8,0,0,0,8
556,0,4,0,0,0,4
558,0,6,0,0,0,6
560,0,6,0,0,0,6
562,0,6,0,0,0,6
564,0,5,0,0,0,5
566,0,5,0,0,0,5
568,0,4,0,0,0,4
570,0,8,0,0,0,8
572,0,6,0,0,0,6
574,0,5,0,0,0,5
576,0,11,0,0,0,11
578,0,12,0,0,0,12
580,0,15,0,0,0,15
582,0,11,0,0,0,11
584,0,10,0,0,0,10
586,0,7,0,0,0,7
588,0,6,0,0,0,6
590,0,8,0,0,0,8
592,0,7,0,0,0,7
594,0,10,0,0,0,10
596,0,10,0,0,0,10
598,0,10,0,0,0,10
600,0,8,0,0,0,8
602,0,7,0,0,0,7
604,0,10,0,0,0,10
606,0,9,0,0,0,9
608,0,11,0,0,0,11
610,1,9,0,1,0,9
612,1,9,0,1,0,9
614,1,7,0,1,0,7
616,2,5,0,2,0,5
618,2,8,0,2,0,8
620,2,10,1,1,1,9
622,2,6,0,2,0,6
624,2,7,1,1,1,6
626,2,7,2,0,2,5
628,2,8,2,0,2,6
630,2,9,2,0,2,7
632,2,7,2,0,2,5
634,2,9,0,2,0,9
636,2,9,1,1,1,8
638,2,9,2,0,2,7
640,2,6,1,1,1,5
642,2,6,0,2,0,6
644,2,4,2,0,2,2
646,2,9,0,2,0,9
648,2,8,0,2,0,8
650,2,8,1,1,1,7
652,2,5,0,2,0,5
654,2,7,2,0,2,5
656,2,4,2,0,2,2
658,2,5,2,0,2,3
660,2,5,2,0,2,3
662,2,3,2,0,2,1
664,2,4,2,0,2,2
666,2,2,2,0,2,0
668,2,2,2,0,2,0
670,2,2,2,0,2,0
672,2,2,1,1,1,1
674,2,2,1,1,1,1
676,2,2,1,1,1,1
678,2,3,1,1,1,2
680,2,3,1,1,1,2
682,2,3,1,1,1,2
684,2,3,1,1,1,2
686,2,4,2,0,2,2
688,2,4,1,1,1,3
690,2,5,2,0,2,3
692,2,4,1,1,1,3
694,2,4,2,0,2,2
696,2,5,2,0,2,3
698,2,4,1,1,1,3
700,2,4,2,0,2,2
702,2,4,2,0,2,2
704,2,4,2,0,2,2
706,2,5,2,0,2,3
708,2,4,2,0,2,2
710,2,4,2,0,2,2
712,2,4,2,0,2,2
714,2,5,2,0,2,3
716,2,5,2,0,2,3
718,2,4,2,0,2,2
720,2,4,2,0,2,2
722,2,6,2,0,2,4
724,2,4,2,0,2,2
726,2,4,2,0,2,2
728,2,3,2,0,2,1
730,2,4,1,1,1,3
732,2,5,2,0,2,3
734,2,4,2,0,2,2
736,2,5,2,0,2,3
738,2,4,2,0,2,2
740,2,6,0,2,0,6
742,2,7,1,1,1,6
744,2,5,2,0,2,3
746,2,4,1,1,1,3
748,2,4,2,0,2,2
750,2,4,2,0,2,2
752,2,3,1,1,1,2
754,2,3,1,1,1,2
756,2,3,1,1,1,2
758,2,3,1,1,1,2
760,2,6,2,0,2,4
762,2,6,2,0,2,4
764,2,3,2,0,2,1
766,2,5,1,1,1,4
768,2,8,1,1,1,7
770,2,4,1,1,1,3
772,2,5,1,1,1,4
774,2,3,1,1,1,2
776,2,3,2,0,2,1
778,2,3,2,0,2,1
780,2,5,2,0,2,3
782,2,6,2,0,2,4
784,2,8,2,0,2,6
786,2,8,1,1,1,7
788,2,7,2,0,2,5
790,2,4,2,0,2,2
792,2,7,2,0,2,5
794,2,7,2,0,2,5
796,2,4,2,0,2,2
798,2,2,2,0,2,0
800,2,3,2,0,2,1
802,2,4,2,0,2,2
804,2,3,1,1,1,2
806,2,4,2,0,2,2
808,2,4,2,0,2,2
810,2,4,2,0,2,2
812,2,4,2,0,2,2
814,2,4,2,0,2,2
816,2,6,2,0,2,4
818,2,4,2,0,2,2
820,2,6,2,0,2,4
822,2,5,2,0,2,3
824,2,6,2,0,2,4
826,2,4,2,0,2,2
828,2,5,1,1,1,4
830,2,4,1,1,1,3
832,2,2,1,1,1,1
834,2,2,1,1,1,1
836,2,3,1,1,1,2
838,2,2,2,0,2,0
840,2,2,2,0,2,0
842,2,3,1,1,1,2
844,2,3,2,0,2,1
846,2,2,2,0,2,0
848,2,2,2,0,2,0
850,2,2,2,0,2,0
852,2,2,2,0,2,0
854,2,2,2,0,2,0
856,2,2,2,0,2,0
858,2,2,2,0,2,0
860,2,4,2,0,2,2
862,2,2,2,0,2,0
864,2,2,2,0,2,0
866,2,3,1,1,1,2
868,2,2,1,1,1,1
870,2,4,1,1,1,3
872,2,2,1,1,1,1
874,2,2,2,0,2,0
876,2,3,2,0,2,1
878,2,2,1,1,1,1
880,2,5,2,0,2,3
882,2,4,2,0,2,2
884,2,4,1,1,1,3
886,2,3,2,0,2,1
888,2,4,1,1,1,3
890,2,6,2,0,2,4
892,2,5,2,0,2,3
894,2,4,2,0,2,2
896,2,4,2,0,2,2
898,2,4,2,0,2,2
900,2,3,2,0,2,1
902,2,3,2,0,2,1
904,2,3,2,0,2,1
906,2,2,2,0,2,0
908,2,4,2,0,2,2
910,2,3,1,1,1,2
912,2,4,1,1,1,3
914,2,3,1,1,1,2
916,2,5,1,1,1,4
918,2,6,1,1,1,5
920,2,3,2,0,2,1
922,2,3,2,0,2,1
924,2,4,1,1,1,3
926,2,5,1,1,1,4
928,2,3,1,1,1,2
930,2,2,2,0,2,0
932,2,4,2,0,2,2
934,2,5,2,0,2,3
936,2,6,2,0,2,4
938,2,3,2,0,2,1
940,2,4,2,0,2,2
942,2,3,2,0,2,1
944,2,3,2,0,2,1
946,2,4,2,0,2,2
948,2,5,2,0,2,3
950,2,6,2,0,2,4
952,2,5,2,0,2,3
954,2,6,2,0,2,4
956,2,4,2,0,2,2
958,2,4,2,0,2,2
960,2,2,2,0,2,0
962,2,4,2,0,2,2
964,2,4,2,0,2,2
966,2,4,2,0,2,2
968,2,3,2,0,2,1
970,2,2,2,0,2,0
972,2,3,2,0,2,1
974,2,4,2,0,2,2
976,2,5,2,0,2,3
978,2,7,2,0,2,5
980,2,6,2,0,2,4
982,2,5,2,0,2,3
984,2,6,2,0,2,4
986,2,3,2,0,2,1
988,2,5,2,0,2,3
990,2,4,2,0,2,2
992,2,6,2,0,2,4
994,2,7,2,0,2,5
996,2,7,2,0,2,5
998,2,6,2,0,2,4
1000,2,4,2,0,2,2
1002,2,5,2,0,2,3
1004,2,5,2,0,2,3
1006,2,5,2,0,2,3
1008,2,6,2,0,2,4
1010,2,6,2,0,2,4
1012,2,6,2,0,2,4
1014,2,6,2,0,2,4
1016,2,7,2,0,2,5
1018,2,5,2,0,2,3
1020,2,5,2,0,2,3
1022,2,5,2,0,2,3
1024,2,7,2,0,2,5
1026,2,6,2,0,2,4
1028,2,5,2,0,2,3
1030,2,6,2,0,2,4
1032,2,5,2,0,2,3
1034,2,4,2,0,2,2
1036,2,4,2,0,2,2
1038,2,4,2,0,2,2
1040,2,6,2,0,2,4
1042,2,5,2,0,2,3
1044,2,5,2,0,2,3
1046,2,6,2,0,2,4
1048,2,6,2,0,2,4
1050,2,5,2,0,2,3
1052,2,5,2,0,2,3
1054,2,5,2,0,2,3
1056,2,4,2,0,2,2
1058,2,6,2,0,2,4
1060,2,5,2,0,2,3
1062,2,4,2,0,2,2
1064,2,4,2,0,2,2
1066,2,5,2,0,2,3
1068,2,6,2,0,2,4
1070,2,4,2,0,2,2
1072,2,2,1,1,1,1
1074,2,5,2,0,2,3
1076,2,5,2,0,2,3
1078,2,5,2,0,2,3
1080,2,7,2,0,2,5
1082,2,8,2,0,2,6
1084,2,9,2,0,2,7
1086,2,9,2,0,2,7
1088,2,11,2,0,2,9
1090,2,12,2,0,2,10
1092,2,11,2,0,2,9
1094,2,11,2,0,2,9
1096,2,10,2,0,2,8
1098,2,8,1,1,1,7
1100,2,7,1,1,1,6
1102,2,9,1,1,1,8
1104,2,6,0,2,0,6
1106,2,6,0,2,0,6
1108,2,5,0,2,0,5
1110,2,6,1,1,1,5
1112,2,8,1,1,1,7
1114,2,6,1,1,1,5
1116,2,8,2,0,2,6
1118,2,7,2,0,2,5
1120,2,7,2,0,2,5
1122,2,6,1,1,1,5
1124,2,8,1,1,1,7
1126,2,6,1,1,1,5
1128,2,8,0,2,0,8
1130,2,10,1,1,1,9
1132,2,9,1,1,1,8
1134,2,10,0,2,0,10
1136,2,7,0,2,0,7
1138,2,6,0,2,0,6
1140,2,9,0,2,0,9
1142,2,8,0,2,0,8
1144,2,8,0,2,0,8
1146,2,10,0,2,0,10
1148,2,8,0,2,0,8
1150,2,7,0,2,0,7
1152,2,8,0,2,0,8
1154,2,6,1,1,1,5
1156,2,6,1,1,1,5
1158,2,6,1,1,1,5
1160,2,6,1,1,1,5
1162,2,7,1,1,1,6
1164,2,8,1,1,1,7
1166,2,8,1,1,1,7
1168,2,7,1,1,1,6
1170,2,6,1,1,1,5
1172,2,5,1,1,1,4
1174,2,6,1,1,1,5
1176,2,7,1,1,1,6
1178,2,5,1,1,1,4
1180,2,7,1,1,1,6
1182,2,6,1,1,1,5
1184,2,6,1,1,1,5
1186,2,6,1,1,1,5
1188,2,5,1,1,1,4
1190,2,5,1,1,1,4
1192,2,5,1,1,1,4
1194,2,6,1,1,1,5
1196,2,6,1,1,1,5
1198,2,5,1,1,1,4
1200,2,7,1,1,1,6
1202,2,6,0,2,0,6
1204,2,6,0,2,0,6
1206,2,6,0,2,0,6
1208,2,5,0,2,0,5
1210,2,7,0,2,0,7
1212,2,4,0,2,0,4
1214,2,6,0,2,0,6
1216,2,7,0,2,0,7
1218,2,7,0,2,0,7
1220,2,8,0,2,0,8
1222,2,9,0,2,0,9
1224,2,7,0,2,0,7
1226,2,7,0,2,0,7
1228,2,5,0,2,0,5
1230,2,8,1,1,1,7
1232,2,9,1,1,1,8
1234,2,6,0,2,0,6
1236,2,6,0,2,0,6
1238,2,5,0,2,0,5
1240,2,6,0,2,0,6
1242,2,6,0,2,0,6
1244,2,6,0,2,0,6
1246,2,5,0,2,0,5
1248,2,5,0,2,0,5
1250,2,9,1,1,1,8
1252,2,8,1,1,1,7
1254,2,8,1,1,1,7
1256,2,7,0,2,0,7
1258,2,7,1,1,1,6
1260,2,5,0,2,0,5
1262,2,5,0,2,0,5
1264,2,3,0,2,0,3
1266,2,4,0,2,0,4
1268,2,3,0,2,0,3
1270,2,6,0,2,0,6
1272,2,6,0,2,0,6
1274,2,6,0,2,0,6
1276,2,7,0,2,0,7
1278,2,3,0,2,0,3
1280,2,5,1,1,1,4
1282,2,7,1,1,1,6
1284,2,5,0,2,0,5
1286,2,8,0,2,0,8
1288,2,8,0,2,0,8
1290,2,8,0,2,0,8
1292,2,7,0,2,0,7
1294,2,5,0,2,0,5
1296,2,8,0,2,0,8
1298,2,8,0,2,0,8
1300,2,6,0,2,0,6
1302,2,4,0,2,0,4
1304,2,9,0,2,0,9
1306,2,11,0,2,0,11
1308,2,8,0,2,0,8
1310,2,9,0,2,0,9
1312,2,10,0,2,0,10
1314,2,4,0,2,0,4
1316,2,4,0,2,0,4
1318,2,5,0,2,0,5
1320,2,4,0,2,0,4
1322,2,9,0,2,0,9
1324,2,7,0,2,0,7
1326,2,8,0,2,0,8
1328,2,6,0,2,0,6
1330,2,7,0,2,0,7
1332,2,7,0,2,0,7
1334,2,6,0,2,0,6
1336,2,7,0,2,0,7
1338,2,11,0,2,0,11
1340,2,7,0,2,0,7
1342,2,7,0,2,0,7
1344,2,7,0,2,0,7
1346,2,8,0,2,0,8
1348,2,8,0,2,0,8
1350,2,6,0,2,0,6
1352,2,5,0,2,0,5
1354,2,8,0,2,0,8
1356,2,5,0,2,0,5
1358,2,4,0,2,0,4
1360,2,5,0,2,0,5
1362,2,6,0,2,0,6
1364,2,5,0,2,0,5
1366,2,4,0,2,0,4
1368,2,4,0,2,0,4
1370,2,4,0,2,0,4
1372,2,4,0,2,0,4
1374,2,4,0,2,0,4
1376,2,6,0,2,0,6
1378,2,4,0,2,0,4
1380,2,6,0,2,0,6
1382,2,6,0,2,0,6
1384,2,5,0,2,0,5
1386,2,4,0,2,0,4
1388,2,4,0,2,0,4
1390,2,5,0,2,0,5
1392,2,5,0,2,0,5
1394,2,5,0,2,0,5
1396,2,5,0,2,0,5
1398,2,6,0,2,0,6
1400,2,4,0,2,0,4
1402,2,6,0,2,0,6
1404,2,4,0,2,0,4
1406,2,4,0,2,0,4
1408,2,4,0,2,0,4
1410,2,5,0,2,0,5
1412,2,4,0,2,0,4
1414,2,4,0,2,0,4
1416,2,6,0,2,0,6
1418,2,4,0,2,0,4
1420,2,3,0,2,0,3
1422,2,4,0,2,0,4
1424,2,4,0,2,0,4
1426,2,6,0,2,0,6
1428,2,4,0,2,0,4
1430,2,4,0,2,0,4
1432,2,3,0,2,0,3
1434,2,4,0,2,0,4
1436,2,4,0,2,0,4
1438,2,3,0,2,0,3
1440,2,3,0,2,0,3
1442,2,2,0,2,0,2
1444,2,1,0,2,0,1
1446,2,4,0,2,0,4
1448,2,3,0,2,0,3
1450,2,3,0,2,0,3
1452,2,3,0,2,0,3
1454,2,4,0,2,0,4
1456,2,2,0,2,0,2
1458,2,4,0,2,0,4
1460,2,2,0,2,0,2
1462,2,4,0,2,0,4
1464,2,3,0,2,0,3
1466,2,3,0,2,0,3
1468,2,4,0,2,0,4
1470,2,3,0,2,0,3
1472,2,2,0,2,0,2
1474,2,2,0,2,0,2
1476,2,2,0,2,0,2
1478,2,2,0,2,0,2
1480,2,2,0,2,0,2
1482,2,2,0,2,0,2
1484,2,2,0,2,0,2
1486,2,3,0,2,0,3
1488,2,3,0,2,0,3
1490,2,4,0,2,0,4
1492,2,4,0,2,0,4
1494,2,3,0,2,0,3
1496,2,4,0,2,0,4
1498,2,4,0,2,0,4
1500,2,4,0,2,0,4
1502,2,2,0,2,0,2
1504,2,2,0,2,0,2
1506,2,2,0,2,0,2
1508,2,2,0,2,0,2
1510,2,3,0,2,0,3
1512,2,2,0,2,0,2
1514,2,3,0,2,0,3
1516,2,2,0,2,0,2
1518,2,3,0,2,0,3
1520,2,3,0,2,0,3
1522,2,3,0,2,0,3
1524,2,2,0,2,0,2
1526,2,3,0,2,0,3
1528,2,2,0,2,0,2
1530,2,4,0,2,0,4
1532,2,3,0,2,0,3
1534,2,3,0,2,0,3
1536,2,4,0,2,0,4
1538,2,3,1,1,1,2
1540,2,3,0,2,0,3
1542,2,3,1,1,1,2
1544,2,3,0,2,0,3
1546,2,5,0,2,0,5
1548,2,3,1,1,1,2
1550,2,4,1,1,1,3
1552,2,2,0,2,0,2
1554,2,4,1,1,1,3
1556,2,3,1,1,1,2
1558,2,5,1,1,1,4
1560,2,5,1,1,1,4
1562,2,5,1,1,1,4
1564,2,3,1,1,1,2
1566,2,4,1,1,1,3
1568,2,6,1,1,1,5
1570,2,3,0,2,0,3
1572,2,3,0,2,0,3
1574,2,3,0,2,0,3
1576,2,2,0,2,0,2
1578,2,3,1,1,1,2
1580,2,2,0,2,0,2
1582,2,1,0,2,0,1
1584,2,1,0,2,0,1
1586,2,2,0,2,0,2
1588,2,0,0,2,0,0
1590,2,0,0,2,0,0
1592,2,0,0,2,0,0
1594,2,0,0,2,0,0
1596,2,0,0,2,0,0
1598,2,0,0,2,0,0
1600,2,0,0,2,0,0
1602,2,0,0,2,0,0
1604,2,1,0,2,0,1
1606,2,1,0,2,0,1
1608,2,0,0,2,0,0
1610,2,1,0,2,0,1
1612,2,1,0,2,0,1
1614,2,4,0,2,0,4
1616,2,2,0,2,0,2
1618,2,2,0,2,0,2
1620,2,1,0,2,0,1
1622,2,3,0,2,0,3
1624,2,2,0,2,0,2
1626,2,0,0,2,0,0
1628,2,4,0,2,0,4
1630,2,4,0,2,0,4
1632,2,1,0,2,0,1
1634,2,2,0,2,0,2
1636,2,3,0,2,0,3
1638,2,1,0,2,0,1
1640,2,1,1,1,1,0
1642,2,1,1,1,1,0
1644,2,3,0,2,0,3
1646,2,5,0,2,0,5
1648,2,4,1,1,1,3
1650,2,5,1,1,1,4
1652,2,3,1,1,1,2
1654,2,1,1,1,1,0
1656,2,4,1,1,1,3
1658,2,4,1,1,1,3
1660,2,3,1,1,1,2
1662,2,4,1,1,1,3
1664,2,3,1,1,1,2
1666,2,5,1,1,1,4
1668,2,6,1,1,1,5
1670,2,5,1,1,1,4
1672,2,4,1,1,1,3
1674,2,5,1,1,1,4
1676,2,6,2,0,2,4
1678,2,5,2,0,2,3
1680,2,6,2,0,2,4
1682,2,8,2,0,2,6
1684,2,7,2,0,2,5
1686,2,8,2,0,2,6
1688,2,7,2,0,2,5
1690,2,7,1,1,1,6
1692,2,4,1,1,1,3
1694,2,3,1,1,1,2
1696,2,2,1,1,1,1
1698,2,2,1,1,1,1
1700,2,4,1,1,1,3
1702,2,4,1,1,1,3
1704,2,2,1,1,1,1
1706,2,1,1,1,1,0
1708,2,3,1,1,1,2
1710,2,2,1,1,1,1
1712,2,3,1,1,1,2
1714,2,2,1,1,1,1
1716,2,2,1,1,1,1
1718,2,2,1,1,1,1
1720,2,2,2,0,2,0
1722,2,3,2,0,2,1
1724,2,3,2,0,2,1
1726,2,2,2,0,2,0
1728,2,3,2,0,2,1
1730,2,3,2,0,2,1
1732,2,2,2,0,2,0
1734,2,3,2,0,2,1
1736,2,2,2,0,2,0
1738,2,2,2,0,2,0
1740,2,2,2,0,2,0
1742,2,3,2,0,2,1
1744,2,3,2,0,2,1
1746,2,3,2,0,2,1
1748,2,3,2,0,2,1
1750,2,2,2,0,2,0
1752,2,3,2,0,2,1
1754,2,2,2,0,2,0
1756,2,2,2,0,2,0
1758,2,3,2,0,2,1
1760,2,2,2,0,2,0
1762,2,2,2,0,2,0
1764,2,2,2,0,2,0
1766,2,3,2,0,2,1
1768,2,3,2,0,2,1
1770,2,2,2,0,2,0
1772,2,2,2,0,2,0
1774,2,3,2,0,2,1
1776,2,2,1,1,1,1
1778,2,2,1,1,1,1
1780,2,2,1,1,1,1
1782,2,2,2,0,2,0
1784,2,2,2,0,2,0
1786,2,2,2,0,2,0
1788,2,2,2,0,2,0
1790,2,2,2,0,2,0
1792,2,2,2,0,2,0
1794,2,2,2,0,2,0
1796,2,2,2,0,2,0
1798,2,1,1,1,1,0
1800,2,1,1,1,1,0
1802,2,2,2,0,2,0
1804,2,2,2,0,2,0
1806,2,2,2,0,2,0
1808,2,2,2,0,2,0
1810,2,3,2,0,2,1
1812,2,3,2,0,2,1
1814,2,3,2,0,2,1
1816,2,4,2,0,2,2
1818,2,2,2,0,2,0
1820,2,3,2,0,2,1
1822,2,9,2,0,2,7
1824,2,6,2,0,2,4
1826,2,6,2,0,2,4
1828,2,3,2,0,2,1
1830,2,2,2,0,2,0
1832,2,3,2,0,2,1
1834,2,3,2,0,2,1
1836,2,3,2,0,2,1
1838,2,2,2,0,2,0
1840,2,2,2,0,2,0
1842,2,3,2,0,2,1
1844,2,2,2,0,2,0
1846,2,2,2,0,2,0
1848,2,2,2,0,2,0
1850,2,2,2,0,2,0
1852,2,2,2,0,2,0
1854,2,2,2,0,2,0
1856,2,4,2,0,2,2
1858,2,3,2,0,2,1
1860,2,2,2,0,2,0
1862,2,2,1,1,1,1
1864,2,2,2,0,2,0
1866,2,2,2,0,2,0
1868,2,2,2,0,2,0
1870,2,2,2,0,2,0
1872,2,3,2,0,2,1
1874,2,2,2,0,2,0
1876,2,2,2,0,2,0
1878,2,3,2,0,2,1
1880,2,3,2,0,2,1
1882,2,3,2,0,2,1
1884,2,2,2,0,2,0
1886,2,1,1,1,1,0
1888,2,1,1,1,1,0
1890,2,1,1,1,1,0
1892,2,1,1,1,1,0
1894,2,3,2,0,2,1
1896,2,2,2,0,2,0
1898,2,2,2,0,2,0
1900,2,2,2,0,2,0
1902,2,2,2,0,2,0
1904,2,3,2,0,2,1
1906,2,3,2,0,2,1
1908,2,2,2,0,2,0
1910,2,2,2,0,2,0
1912,2,2,2,0,2,0
1914,2,2,2,0,2,0
1916,2,2,2,0,2,0
1918,2,2,2,0,2,0
1920,2,2,2,0,2,0
1922,2,3,2,0,2,1
1924,2,3,2,0,2,1
1926,2,3,2,0,2,1
1928,2,3,2,0,2,1
1930,2,4,2,0,2,2
1932,2,4,2,0,2,2
1934,2,4,2,0,2,2
1936,2,3,2,0,2,1
1938,2,2,2,0,2,0
1940,2,3,2,0,2,1
1942,2,3,2,0,2,1
1944,2,4,2,0,2,2
1946,2,4,2,0,2,2
1948,2,3,2,0,2,1
1950,2,4,2,0,2,2
1952,2,3,2,0,2,1
1954,2,4,2,0,2,2
1956,2,5,2,0,2,3
1958,2,3,2,0,2,1
1960,2,2,2,0,2,0
1962,2,6,2,0,2,4
1964,2,5,2,0,2,3
1966,2,4,2,0,2,2
1968,2,2,2,0,2,0
1970,2,3,2,0,2,1
1972,2,3,2,0,2,1
1974,2,2,2,0,2,0
1976,2,3,2,0,2,1
1978,2,2,2,0,2,0
1980,2,2,2,0,2,0
1982,2,3,2,0,2,1
1984,2,2,2,0,2,0
1986,2,2,2,0,2,0
1988,2,2,2,0,2,0
1990,2,2,2,0,2,0
1992,2,2,2,0,2,0
1994,2,2,2,0,2,0
1996,2,3,2,0,2,1
1998,2,2,2,0,2,0
2000,2,2,2,0,2,0
2002,2,4,2,0,2,2
2004,2,3,2,0,2,1
2006,2,4,2,0,2,2
2008,2,6,2,0,2,4
2010,2,8,2,0,2,6
2012,2,5,2,0,2,3
2014,2,4,2,0,2,2
2016,2,3,2,0,2,1
2018,2,3,2,0,2,1
2020,2,2,2,0,2,0
2022,2,2,2,0,2,0
2024,2,2,2,0,2,0
2026,2,2,2,0,2,0
2028,2,2,2,0,2,0
2030,2,2,2,0,2,0
2032,2,2,2,0,2,0
2034,2,2,2,0,2,0
2036,2,2,2,0,2,0
2038,2,2,2,0,2,0
2040,2,2,2,0,2,0
2042,2,2,2,0,2,0
2044,2,2,2,0,2,0
2046,2,2,2,0,2,0
2048,2,3,2,0,2,1
2050,2,2,2,0,2,0
2052,2,2,2,0,2,0
2054,2,2,2,0,2,0
2056,2,2,2,0,2,0
2058,2,3,2,0,2,1
2060,2,2,2,0,2,0
2062,2,2,2,0,2,0
2064,2,2,2,0,2,0
2066,2,2,2,0,2,0
2068,2,2,2,0,2,0
2070,2,2,2,0,2,0
2072,2,3,2,0,2,1
2074,2,2,2,0,2,0
2076,2,2,2,0,2,0
2078,2,2,2,0,2,0
2080,2,2,2,0,2,0
2082,2,3,2,0,2,1
2084,2,2,2,0,2,0
2086,2,2,2,0,2,0
2088,2,2,2,0,2,0
2090,2,3,2,0,2,1
2092,2,3,2,0,2,1
2094,2,3,2,0,2,1
2096,2,4,2,0,2,2
2098,2,3,2,0,2,1
2100,2,2,2,0,2,0
2102,2,3,2,0,2,1
2104,2,2,2,0,2,0
2106,2,3,2,0,2,1
2108,2,2,2,0,2,0
2110,2,3,2,0,2,1
2112,2,4,2,0,2,2
2114,2,3,2,0,2,1
2116,2,2,2,0,2,0
2118,2,3,2,0,2,1
2120,2,5,2,0,2,3
2122,2,9,2,0,2,7
2124,2,6,2,0,2,4
2126,2,4,1,1,1,3
2128,2,7,2,0,2,5
2130,2,8,2,0,2,6
2132,2,4,1,1,1,3
2134,2,4,2,0,2,2
2136,2,4,1,1,1,3
2138,2,3,2,0,2,1
2140,2,2,2,0,2,0
2142,2,3,2,0,2,1
2144,2,2,2,0,2,0
2146,2,2,2,0,2,0
2148,2,2,2,0,2,0
2150,2,3,2,0,2,1
2152,2,3,2,0,2,1
2154,2,4,2,0,2,2
2156,2,5,2,0,2,3
2158,2,4,1,1,1,3
2160,2,4,2,0,2,2
2162,2,3,2,0,2,1
2164,2,4,2,0,2,2
2166,2,3,1,1,1,2
2168,2,3,2,0,2,1
2170,2,2,2,0,2,0
2172,2,2,2,0,2,0
2174,2,2,2,0,2,0
2176,2,2,2,0,2,0
2178,2,2,2,0,2,0
2180,2,2,2,0,2,0
2182,2,3,2,0,2,1
2184,2,3,1,1,1,2
2186,2,3,1,1,1,2
2188,2,2,2,0,2,0
2190,2,2,2,0,2,0
2192,2,2,2,0,2,0
2194,2,2,2,0,2,0
2196,2,2,2,0,2,0
2198,2,2,2,0,2,0
2200,2,2,2,0,2,0
2202,2,2,2,0,2,0
2204,2,2,2,0,2,0
2206,2,2,2,0,2,0
2208,2,2,2,0,2,0
2210,2,2,2,0,2,0
2212,2,2,2,0,2,0
2214,2,2,2,0,2,0
2216,2,2,2,0,2,0
2218,2,2,2,0,2,0
2220,2,2,2,0,2,0
2222,2,2,2,0,2,0
2224,2,2,2,0,2,0
2226,2,2,2,0,2,0
2228,2,2,2,0,2,0
2230,2,2,2,0,2,0
2232,2,2,2,0,2,0
2234,2,2,2,0,2,0
2236,2,2,2,0,2,0
2238,2,2,2,0,2,0
2240,2,2,2,0,2,0
2242,2,3,2,0,2,1
2244,2,2,2,0,2,0
2246,2,2,2,0,2,0
2248,2,3,2,0,2,1
2250,2,2,2,0,2,0
2252,2,2,1,1,1,1
2254,2,2,2,0,2,0
2256,2,3,2,0,2,1
2258,2,2,2,0,2,0
2260,2,3,2,0,2,1
2262,2,3,2,0,2,1
2264,2,4,2,0,2,2
2266,2,3,2,0,2,1
2268,2,3,2,0,2,1
2270,2,3,2,0,2,1
2272,2,3,2,0,2,1
2274,2,2,2,0,2,0
2276,2,2,2,0,2,0
2278,2,2,2,0,2,0
2280,2,2,2,0,2,0
2282,2,2,2,0,2,0
2284,2,2,2,0,2,0
2286,2,4,2,0,2,2
2288,2,2,2,0,2,0
2290,2,2,1,1,1,1
2292,2,3,1,1,1,2
2294,2,2,1,1,1,1
2296,2,3,1,1,1,2
2298,2,4,2,0,2,2
2300,2,2,2,0,2,0
2302,2,1,1,1,1,0
2304,2,1,1,1,1,0
2306,2,1,1,1,1,0
2308,2,1,1,1,1,0
2310,2,1,1,1,1,0
2312,2,1,1,1,1,0
2314,2,1,1,1,1,0
2316,2,0,0,2,0,0
2318,2,2,2,0,2,0
2320,2,2,2,0,2,0
2322,2,2,2,0,2,0
2324,2,1,1,1,1,0
2326,2,2,2,0,2,0
2328,2,2,1,1,1,1
2330,2,3,1,1,1,2
2332,2,2,2,0,2,0
2334,2,2,2,0,2,0
2336,2,3,1,1,1,2
2338,2,3,2,0,2,1
2340,2,2,2,0,2,0
2342,2,3,2,0,2,1
2344,2,3,2,0,2,1
2346,2,2,2,0,2,0
2348,2,3,2,0,2,1
2350,2,4,2,0,2,2
2352,2,3,2,0,2,1
2354,2,3,2,0,2,1
2356,2,2,2,0,2,0
2358,2,7,1,1,1,6
2360,2,6,0,2,0,6
2362,2,7,0,2,0,7
2364,2,7,1,1,1,6
2366,2,14,2,0,2,12
2368,2,12,1,1,1,11
2370,2,12,1,1,1,11
2372,2,9,1,1,1,8
2374,2,9,0,2,0,9
2376,2,13,0,2,0,13
2378,2,9,1,1,1,8
2380,2,10,1,1,1,9
2382,2,10,2,0,2,8
2384,2,7,1,1,1,6
2386,2,8,1,1,1,7
2388,2,3,2,0,2,1
2390,2,3,1,1,1,2
2392,2,2,1,1,1,1
2394,2,3,1,1,1,2
2396,2,1,1,1,1,0
2398,2,3,2,0,2,1
2400,2,1,1,1,1,0
2402,2,4,1,1,1,3
2404,2,7,2,0,2,5
2406,2,7,1,1,1,6
2408,2,8,1,1,1,7
2410,2,10,2,0,2,8
2412,2,14,2,0,2,12
2414,2,11,2,0,2,9
2416,2,15,2,0,2,13
2418,2,11,1,1,1,10
2420,2,6,2,0,2,4
2422,2,6,1,1,1,5
2424,2,5,2,0,2,3
2426,2,2,2,0,2,0
2428,2,2,2,0,2,0
2430,2,2,2,0,2,0
2432,2,2,2,0,2,0
2434,2,2,2,0,2,0
2436,2,3,2,0,2,1
2438,2,2,2,0,2,0
2440,2,3,2,0,2,1
2442,2,2,2,0,2,0
2444,2,4,2,0,2,2
2446,2,5,1,1,1,4
2448,2,7,2,0,2,5
2450,2,9,2,0,2,7
2452,2,8,2,0,2,6
2454,2,9,2,0,2,7
2456,2,3,1,1,1,2
2458,2,7,2,0,2,5
2460,2,4,2,0,2,2
2462,2,3,2,0,2,1
2464,2,3,2,0,2,1
2466,2,3,2,0,2,1
2468,2,3,2,0,2,1
2470,2,3,2,0,2,1
2472,2,3,2,0,2,1
2474,2,2,2,0,2,0
2476,2,2,2,0,2,0
2478,2,2,2,0,2,0
2480,2,2,2,0,2,0
2482,2,2,2,0,2,0
2484,2,2,2,0,2,0
2486,2,2,2,0,2,0
2488,2,3,2,0,2,1
2490,2,2,2,0,2,0
2492,2,2,2,0,2,0
2494,2,2,2,0,2,0
2496,2,3,2,0,2,1
2498,2,2,2,0,2,0
2500,2,2,2,0,2,0
2502,2,3,2,0,2,1
2504,2,2,2,0,2,0
2506,2,3,2,0,2,1
2508,2,2,2,0,2,0
2510,2,2,2,0,2,0
2512,2,2,2,0,2,0
2514,2,2,2,0,2,0
2516,2,2,2,0,2,0
2518,2,2,1,1,1,1
2520,2,2,2,0,2,0
2522,2,2,2,0,2,0
2524,2,2,2,0,2,0
2526,2,2,2,0,2,0
2528,2,2,2,0,2,0
2530,2,2,2,0,2,0
2532,2,2,2,0,2,0
2534,2,2,2,0,2,0
2536,2,2,2,0,2,0
2538,2,2,2,0,2,0
2540,2,2,2,0,2,0
2542,2,2,2,0,2,0
2544,2,2,2,0,2,0
2546,2,2,2,0,2,0
2548,2,2,2,0,2,0
2550,2,2,2,0,2,0
2552,2,2,2,0,2,0
2554,2,2,2,0,2,0
2556,2,2,2,0,2,0
2558,2,2,2,0,2,0
2560,2,3,2,0,2,1
2562,2,2,2,0,2,0
2564,2,4,2,0,2,2
2566,2,2,1,1,1,1
2568,2,4,1,1,1,3
2570,2,2,1,1,1,1
2572,2,2,1,1,1,1
2574,2,2,1,1,1,1
2576,2,5,1,1,1,4
2578,2,2,1,1,1,1
2580,2,5,1,1,1,4
2582,2,2,2,0,2,0
2584,2,4,2,0,2,2
2586,2,4,2,0,2,2
2588,2,2,2,0,2,0
2590,2,4,2,0,2,2
2592,2,5,2,0,2,3
2594,2,5,1,1,1,4
2596,2,2,1,1,1,1
2598,2,2,1,1,1,1
2600,2,3,2,0,2,1
2602,2,4,2,0,2,2
2604,2,3,2,0,2,1
2606,2,3,2,0,2,1
2608,2,3,2,0,2,1
2610,2,3,2,0,2,1
2612,2,1,1,1,1,0
2614,2,3,2,0,2,1
2616,2,1,0,2,0,1
2618,2,4,1,1,1,3
2620,2,4,0,2,0,4
2622,2,1,0,2,0,1
2624,2,2,0,2,0,2
2626,2,3,0,2,0,3
2628,2,2,1,1,1,1
2630,2,4,0,2,0,4
2632,2,5,0,2,0,5
2634,2,6,0,2,0,6
2636,2,3,0,2,0,3
2638,2,6,0,2,0,6
2640,2,4,0,2,0,4
2642,2,4,0,2,0,4
2644,2,8,1,1,1,7
2646,2,6,1,1,1,5
2648,2,5,0,2,0,5
2650,2,8,0,2,0,8
2652,2,3,0,2,0,3
2654,2,5,0,2,0,5
2656,2,6,0,2,0,6
2658,2,8,0,2,0,8
2660,2,9,0,2,0,9
2662,2,5,0,2,0,5
2664,2,3,0,2,0,3
2666,2,4,0,2,0,4
2668,2,4,0,2,0,4
2670,2,1,0,2,0,1
2672,2,1,0,2,0,1
2674,2,1,0,2,0,1
2676,2,1,0,2,0,1
2678,2,3,0,2,0,3
2680,2,1,0,2,0,1
2682,2,2,0,2,0,2
2684,2,1,0,2,0,1
2686,2,1,0,2,0,1
2688,2,2,0,2,0,2
2690,2,3,0,2,0,3
2692,2,2,0,2,0,2
2694,2,1,0,2,0,1
2696,2,1,0,2,0,1
2698,2,1,0,2,0,1
2700,2,1,0,2,0,1
2702,2,0,0,2,0,0
2704,2,1,0,2,0,1
2706,2,1,0,2,0,1
2708,2,1,0,2,0,1
2710,2,1,0,2,0,1
2712,2,1,0,2,0,1
2714,2,2,0,2,0,2
2716,2,1,0,2,0,1
2718,2,0,0,2,0,0
2720,2,0,0,2,0,0
2722,2,0,0,2,0,0
2724,2,1,0,2,0,1
2726,2,0,0,2,0,0
2728,2,0,0,2,0,0
2730,2,0,0,2,0,0
2732,2,0,0,2,0,0
2734,2,1,0,2,0,1
2736,2,0,0,2,0,0
2738,2,0,0,2,0,0
2740,2,0,0,2,0,0
2742,2,1,0,2,0,1
2744,2,0,0,2,0,0
2746,2,1,0,2,0,1
2748,2,1,0,2,0,1
2750,2,2,0,2,0,2
2752,2,3,0,2,0,3
2754,2,2,0,2,0,2
2756,2,2,0,2,0,2
2758,2,2,0,2,0,2
2760,2,1,0,2,0,1
2762,2,1,0,2,0,1
2764,2,1,0,2,0,1
2766,2,2,0,2,0,2
2768,2,0,0,2,0,0
2770,2,0,0,2,0,0
2772,2,1,0,2,0,1
2774,2,2,0,2,0,2
2776,2,1,0,2,0,1
2778,2,2,0,2,0,2
2780,2,2,0,2,0,2
2782,2,1,0,2,0,1
2784,2,1,0,2,0,1
2786,2,2,0,2,0,2
2788,2,1,0,2,0,1
2790,2,3,0,2,0,3
2792,2,2,0,2,0,2
2794,2,1,0,2,0,1
2796,2,0,0,2,0,0
2798,2,2,0,2,0,2
2800,2,2,0,2,0,2
2802,2,2,0,2,0,2
2804,2,1,0,2,0,1
2806,2,1,0,2,0,1
2808,2,1,0,2,0,1
2810,2,0,0,2,0,0
2812,2,3,0,2,0,3
2814,2,3,0,2,0,3
2816,2,4,0,2,0,4
2818,2,1,0,2,0,1
2820,2,4,0,2,0,4
2822,2,2,0,2,0,2
2824,2,4,0,2,0,4
2826,2,5,0,2,0,5
2828,2,3,0,2,0,3
2830,2,3,0,2,0,3
2832,2,0,0,2,0,0
2834,2,2,0,2,0,2
2836,2,0,0,2,0,0
2838,2,1,0,2,0,1
2840,2,3,0,2,0,3
2842,2,1,0,2,0,1
2844,2,1,0,2,0,1
2846,2,2,0,2,0,2
2848,2,1,0,2,0,1
2850,2,1,0,2,0,1
2852,2,2,0,2,0,2
2854,2,2,0,2,0,2
2856,2,0,0,2,0,0
2858,2,0,0,2,0,0
2860,2,0,0,2,0,0
2862,2,0,0,2,0,0
2864,2,0,0,2,0,0
2866,2,0,0,2,0,0
2868,2,1,0,2,0,1
2870,2,0,0,2,0,0
2872,2,1,0,2,0,1
2874,2,0,0,2,0,0
2876,2,0,0,2,0,0
2878,2,0,0,2,0,0
2880,2,0,0,2,0,0
2882,2,1,0,2,0,1
2884,2,1,0,2,0,1
2886,2,0,0,2,0,0
2888,2,0,0,2,0,0
2890,2,0,0,2,0,0
2892,2,0,0,2,0,0
2894,2,0,0,2,0,0
2896,2,0,0,2,0,0
2898,2,0,0,2,0,0
2900,2,0,0,2,0,0
2902,2,0,0,2,0,0
2904,2,0,0,2,0,0
2906,2,0,0,2,0,0
2908,2,0,0,2,0,0
2910,2,0,0,2,0,0
2912,2,0,0,2,0,0
2914,2,0,0,2,0,0
2916,2,0,0,2,0,0
2918,2,0,0,2,0,0
2920,2,0,0,2,0,0
2922,2,0,0,2,0,0
2924,2,0,0,2,0,0
2926,2,0,0,2,0,0
2928,2,0,0,2,0,0
2930,2,0,0,2,0,0
2932,2,0,0,2,0,0
2934,2,12,0,2,0,12
2936,2,16,0,2,0,16
2938,2,17,0,2,0,17
2940,2,24,0,2,0,24
2942,2,6,0,2,0,6
2944,2,1,0,2,0,1
2946,2,1,0,2,0,1
2948,2,0,0,2,0,0
2950,2,0,0,2,0,0
2952,2,0,0,2,0,0
2954,2,1,0,2,0,1
2956,2,0,0,2,0,0
2958,2,1,0,2,0,1
2960,2,1,0,2,0,1
2962,2,0,0,2,0,0
2964,2,0,0,2,0,0
2966,2,0,0,2,0,0
2968,2,1,0,2,0,1
2970,2,1,0,2,0,1
2972,2,4,0,2,0,4
2974,2,2,0,2,0,2
2976,2,2,0,2,0,2
2978,2,0,0,2,0,0
2980,2,0,0,2,0,0
2982,2,0,0,2,0,0
2984,2,1,0,2,0,1
2986,2,0,0,2,0,0
2988,2,6,0,2,0,6
2990,2,12,0,2,0,12
2992,2,15,0,2,0,15
2994,2,10,0,2,0,10
2996,2,0,0,2,0,0
2998,2,0,0,2,0,0
3000,2,0,0,2,0,0
3002,2,0,0,2,0,0
3004,2,0,0,2,0,0
3006,2,0,0,2,0,0
3008,2,0,0,2,0,0
3010,2,1,0,2,0,1
3012,2,0,0,2,0,0
3014,2,0,0,2,0,0
3016,2,0,0,2,0,0
3018,2,1,0,2,0,1
3020,2,1,0,2,0,1
3022,2,0,0,2,0,0
3024,2,0,0,2,0,0
3026,2,0,0,2,0,0
3028,2,0,0,2,0,0
3030,2,0,0,2,0,0
3032,2,0,0,2,0,0
3034,2,0,0,2,0,0
3036,2,1,0,2,0,1
3038,2,1,0,2,0,1
3040,2,0,0,2,0,0
3042,2,0,0,2,0,0
3044,2,0,0,2,0,0
3046,2,0,0,2,0,0
3048,2,0,0,2,0,0
3050,2,0,0,2,0,0
3052,2,0,0,2,0,0
3054,2,0,0,2,0,0
3056,2,0,0,2,0,0
3058,2,0,0,2,0,0
3060,2,0,0,2,0,0
3062,2,0,0,2,0,0
3064,2,0,0,2,0,0
3066,2,2,0,2,0,2
3068,2,1,0,2,0,1
3070,2,0,0,2,0,0
3072,2,2,0,2,0,2
3074,2,1,0,2,0,1
3076,2,3,0,2,0,3
3078,2,2,0,2,0,2
3080,2,2,0,2,0,2
3082,2,4,0,2,0,4
3084,2,2,0,2,0,2
3086,2,0,0,2,0,0
3088,2,0,0,2,0,0
3090,2,0,0,2,0,0
3092,2,0,0,2,0,0
3094,2,0,0,2,0,0
3096,2,0,0,2,0,0
3098,2,0,0,2,0,0
3100,2,0,0,2,0,0
3102,2,0,0,2,0,0
3104,2,0,0,2,0,0
3106,2,0,0,2,0,0
3108,2,0,0,2,0,0
3110,2,0,0,2,0,0
3112,2,1,0,2,0,1
3114,2,1,0,2,0,1
3116,2,1,0,2,0,1
3118,2,0,0,2,0,0
3120,2,0,0,2,0,0
3122,2,1,0,2,0,1
3124,2,2,0,2,0,2
3126,2,2,0,2,0,2
3128,2,0,0,2,0,0
3130,2,0,0,2,0,0
3132,2,1,0,2,0,1
3134,2,1,0,2,0,1
3136,2,1,0,2,0,1
3138,2,3,0,2,0,3
3140,2,1,0,2,0,1
3142,2,1,0,2,0,1
3144,2,0,0,2,0,0
3146,2,0,0,2,0,0
3148,2,1,0,2,0,1
3150,2,5,0,2,0,5
3152,2,10,0,2,0,10
3154,2,9,0,2,0,9
3156,2,7,0,2,0,7
3158,2,9,0,2,0,9
3160,2,7,0,2,0,7
3162,2,3,0,2,0,3
3164,2,4,0,2,0,4
3166,2,0,0,2,0,0
3168,2,1,0,2,0,1
3170,2,2,0,2,0,2
3172,2,1,0,2,0,1
3174,2,1,0,2,0,1
3176,2,2,0,2,0,2
3178,2,3,0,2,0,3
3180,2,5,0,2,0,5
3182,2,4,0,2,0,4
3184,2,6,0,2,0,6
3186,2,4,0,2,0,4
3188,2,3,0,2,0,3
3190,2,3,0,2,0,3
3192,2,1,0,2,0,1
3194,2,0,0,2,0,0
3196,2,0,0,2,0,0
3198,2,1,0,2,0,1
3200,2,2,0,2,0,2
3202,2,2,0,2,0,2
3204,2,2,0,2,0,2
3206,2,1,0,2,0,1
3208,2,2,0,2,0,2
3210,2,2,0,2,0,2
3212,2,2,0,2,0,2
3214,2,0,0,2,0,0
3216,2,2,0,2,0,2
3218,2,0,0,2,0,0
3220,2,2,0,2,0,2
3222,2,0,0,2,0,0
3224,2,0,0,2,0,0
3226,2,0,0,2,0,0
3228,2,0,0,2,0,0
3230,2,2,0,2,0,2
3232,2,1,0,2,0,1
3234,2,2,0,2,0,2
3236,2,0,0,2,0,0
3238,2,3,0,2,0,3
3240,2,1,0,2,0,1
3242,2,4,0,2,0,4
3244,2,2,0,2,0,2
3246,2,1,0,2,0,1
3248,2,0,0,2,0,0
3250,2,1,0,2,0,1
3252,2,3,0,2,0,3
3254,2,1,0,2,0,1
3256,2,1,0,2,0,1
3258,2,3,0,2,0,3
3260,2,1,0,2,0,1
3262,2,3,0,2,0,3
3264,2,1,0,2,0,1
3266,2,1,0,2,0,1
3268,2,0,0,2,0,0
3270,2,1,0,2,0,1
3272,2,0,0,2,0,0
3274,2,1,0,2,0,1
3276,2,0,0,2,0,0
3278,2,2,0,2,0,2
3280,2,3,0,2,0,3
3282,2,3,0,2,0,3
3284,2,2,0,2,0,2
3286,2,2,0,2,0,2
3288,2,3,0,2,0,3
3290,2,1,0,2,0,1
3292,2,2,0,2,0,2
3294,2,3,0,2,0,3
3296,2,3,0,2,0,3
3298,2,3,0,2,0,3
3300,2,4,0,2,0,4
3302,2,2,0,2,0,2
3304,2,3,0,2,0,3
3306,2,2,0,2,0,2
3308,2,3,0,2,0,3
3310,2,3,0,2,0,3
3312,2,1,0,2,0,1
3314,2,6,0,2,0,6
3316,2,3,0,2,0,3
3318,2,3,0,2,0,3
3320,2,4,1,1,1,3
3322,2,3,0,2,0,3
3324,2,2,0,2,0,2
3326,2,2,0,2,0,2
3328,2,2,0,2,0,2
3330,2,3,0,2,0,3
3332,2,4,0,2,0,4
3334,2,6,0,2,0,6
3336,2,4,0,2,0,4
3338,2,4,0,2,0,4
3340,2,1,0,2,0,1
3342,2,1,0,2,0,1
3344,2,2,0,2,0,2
3346,2,1,0,2,0,1
3348,2,0,0,2,0,0
3350,2,2,0,2,0,2
3352,2,3,0,2,0,3
3354,2,1,0,2,0,1
3356,2,2,0,2,0,2
3358,2,2,0,2,0,2
3360,2,3,0,2,0,3
3362,2,1,0,2,0,1
3364,2,2,0,2,0,2
3366,2,2,0,2,0,2
3368,2,1,0,2,0,1
3370,2,1,0,2,0,1
3372,2,0,0,2,0,0
3374,2,0,0,2,0,0
3376,2,1,0,2,0,1
3378,2,1,0,2,0,1
3380,2,2,0,2,0,2
3382,2,3,1,1,1,2
3384,2,3,0,2,0,3
3386,2,3,1,1,1,2
3388,2,3,1,1,1,2
3390,2,2,0,2,0,2
3392,2,0,0,2,0,0
3394,2,1,0,2,0,1
3396,2,2,0,2,0,2
3398,2,1,0,2,0,1
3400,2,2,0,2,0,2
3402,2,1,0,2,0,1
3404,2,2,0,2,0,2
3406,2,2,0,2,0,2
3408,2,2,0,2,0,2
3410,2,3,0,2,0,3
3412,2,1,0,2,0,1
3414,2,2,0,2,0,2
3416,2,2,0,2,0,2
3418,2,2,0,2,0,2
3420,2,2,0,2,0,2
3422,2,2,0,2,0,2
3424,2,3,0,2,0,3
3426,2,0,0,2,0,0
3428,2,2,0,2,0,2
3430,2,0,0,2,0,0
3432,2,0,0,2,0,0
3434,2,0,0,2,0,0
3436,2,1,0,2,0,1
3438,2,0,0,2,0,0
3440,2,1,1,1,1,0
3442,2,2,0,2,0,2
3444,2,1,0,2,0,1
3446,2,2,0,2,0,2
3448,2,0,0,2,0,0
3450,2,2,0,2,0,2
3452,2,0,0,2,0,0
3454,2,0,0,2,0,0
3456,2,1,0,2,0,1
3458,2,2,0,2,0,2
3460,2,1,0,2,0,1
3462,2,0,0,2,0,0
3464,2,0,0,2,0,0
3466,2,3,1,1,1,2
3468,2,1,1,1,1,0
3470,2,0,0,2,0,0
3472,2,3,0,2,0,3
3474,2,1,0,2,0,1
3476,2,1,0,2,0,1
3478,2,2,0,2,0,2
3480,2,2,0,2,0,2
3482,2,5,0,2,0,5
3484,2,2,0,2,0,2
3486,2,1,0,2,0,1
3488,2,1,0,2,0,1
3490,2,1,0,2,0,1
3492,2,1,0,2,0,1
3494,2,0,0,2,0,0
3496,2,0,0,2,0,0
3498,2,1,0,2,0,1
3500,2,0,0,2,0,0
3502,2,2,0,2,0,2
3504,2,2,0,2,0,2
3506,2,1,0,2,0,1
3508,2,1,0,2,0,1
3510,2,0,0,2,0,0
3512,2,3,0,2,0,3
3514,2,4,0,2,0,4
3516,2,4,0,2,0,4
3518,2,1,0,2,0,1
3520,2,2,0,2,0,2
3522,2,1,0,2,0,1
3524,2,1,0,2,0,1
3526,2,0,0,2,0,0
3528,2,0,0,2,0,0
3530,2,0,0,2,0,0
3532,2,1,0,2,0,1
3534,2,1,0,2,0,1
3536,2,2,0,2,0,2
3538,2,2,0,2,0,2
3540,2,0,0,2,0,0
3542,2,1,0,2,0,1
3544,2,2,0,2,0,2
3546,2,1,0,2,0,1
3548,2,2,0,2,0,2
3550,2,3,0,2,0,3
3552,2,2,0,2,0,2
3554,2,0,0,2,0,0
3556,2,4,0,2,0,4
3558,2,1,0,2,0,1
3560,2,1,0,2,0,1
3562,2,0,0,2,0,0
3564,2,1,0,2,0,1
3566,2,0,0,2,0,0
3568,2,0,0,2,0,0
3570,2,1,0,2,0,1
3572,2,0,0,2,0,0
3574,2,2,0,2,0,2
3576,2,3,0,2,0,3
3578,2,8,0,2,0,8
3580,2,7,0,2,0,7
3582,2,4,0,2,0,4
3584,2,5,0,2,0,5
3586,2,2,0,2,0,2
3588,2,0,0,2,0,0
3590,2,2,0,2,0,2
3592,2,0,0,2,0,0
3594,2,0,0,2,0,0
3596,2,0,0,2,0,0
3598,2,0,0,2,0,0
3600,2,0,0,2,0,0
3602,2,0,0,2,0,0
3604,2,0,0,2,0,0
3606,2,0,0,2,0,0
3608,2,0,0,2,0,0
3610,2,0,0,2,0,0
3612,2,0,0,2,0,0
3614,2,0,0,2,0,0
3616,2,2,0,2,0,2
3618,2,1,0,2,0,1
3620,2,0,0,2,0,0
3622,2,0,0,2,0,0
3624,2,0,0,2,0,0
3626,2,1,0,2,0,1
3628,2,2,0,2,0,2
3630,2,2,0,2,0,2
3632,2,2,0,2,0,2
3634,2,1,0,2,0,1
3636,2,2,0,2,0,2
3638,2,0,0,2,0,0
3640,2,0,0,2,0,0
3642,2,2,0,2,0,2
3644,2,2,0,2,0,2
3646,2,0,0,2,0,0
3648,2,1,0,2,0,1
3650,2,0,0,2,0,0
3652,2,0,0,2,0,0
3654,2,0,0,2,0,0
3656,2,0,0,2,0,0
3658,2,0,0,2,0,0
3660,2,0,0,2,0,0
3662,2,0,0,2,0,0
3664,2,0,0,2,0,0
3666,2,0,0,2,0,0
3668,2,0,0,2,0,0
3670,2,0,0,2,0,0
3672,2,0,0,2,0,0
3674,2,0,0,2,0,0
3676,2,0,0,2,0,0
3678,2,0,0,2,0,0
3680,2,0,0,2,0,0
3682,2,0,0,2,0,0
3684,2,0,0,2,0,0
3686,2,0,0,2,0,0
3688,2,0,0,2,0,0
3690,2,0,0,2,0,0
3692,2,0,0,2,0,0
3694,2,1,0,2,0,1
3696,2,1,0,2,0,1
3698,2,2,0,2,0,2
3700,2,1,0,2,0,1
3702,2,1,0,2,0,1
3704,2,1,0,2,0,1
3706,2,1,0,2,0,1
3708,2,3,0,2,0,3
3710,2,5,0,2,0,5
3712,2,3,0,2,0,3
3714,2,4,0,2,0,4
3716,2,3,0,2,0,3
3718,2,3,0,2,0,3
3720,2,2,0,2,0,2
3722,2,3,0,2,0,3
3724,2,2,0,2,0,2
3726,2,3,0,2,0,3
3728,2,2,0,2,0,2
3730,2,2,0,2,0,2
3732,2,3,0,2,0,3
3734,2,2,0,2,0,2
3736,2,3,0,2,0,3
3738,2,4,0,2,0,4
3740,2,4,0,2,0,4
3742,2,4,1,1,1,3
3744,2,5,0,2,0,5
3746,2,3,0,2,0,3
3748,2,5,1,1,1,4
3750,2,6,0,2,0,6
3752,2,1,0,2,0,1
3754,2,3,1,1,1,2
3756,2,5,1,1,1,4
3758,2,5,0,2,0,5
3760,2,3,0,2,0,3
3762,2,3,0,2,0,3
3764,2,3,0,2,0,3
3766,0,6,0,0,0,6
3768,0,6,0,0,0,6
3770,0,4,0,0,0,4
3772,0,7,0,0,0,7
3774,0,7,0,0,0,7
3776,0,7,0,0,0,7
3778,0,8,0,0,0,8
3780,0,5,0,0,0,5
3782,0,7,0,0,0,7
3784,0,4,0,0,0,4
3786,0,6,0,0,0,6
3788,0,7,0,0,0,7
3790,0,8,0,0,0,8
3792,0,3,0,0,0,3
3794,0,3,0,0,0,3
3796,0,5,0,0,0,5
3798,0,4,0,0,0,4
3800,0,2,0,0,0,2
3802,0,5,0,0,0,5
3804,0,1,0,0,0,1
3806,0,3,0,0,0,3
3808,0,3,0,0,0,3
3810,0,6,0,0,0,6
3812,0,1,0,0,0,1
3814,0,1,0,0,0,1
3816,0,2,0,0,0,2
3818,0,4,0,0,0,4
3820,0,2,0,0,0,2
3822,0,2,0,0,0,2
3824,0,2,0,0,0,2
3826,0,4,0,0,0,4
3828,0,1,0,0,0,1
3830,0,1,0,0,0,1
3832,0,1,0,0,0,1
3834,0,1,0,0,0,1
3836,0,0,0,0,0,0
3838,0,1,0,0,0,1
3840,0,0,0,0,0,0
3842,0,2,0,0,0,2
3844,0,0,0,0,0,0
3846,0,0,0,0,0,0
3848,0,1,0,0,0,1
3850,0,0,0,0,0,0
3852,0,0,0,0,0,0
3854,0,0,0,0,0,0
3856,0,0,0,0,0,0
3858,0,0,0,0,0,0
3860,0,0,0,0,0,0
3862,0,1,0,0,0,1
3864,0,1,0,0,0,1
